,Address,AvgCost2,City,Cuisines,Lat,Locality,Long,PriceRange,RatingAvg,RatingColor,RatingTxt,RestID,RestName,Timings,URL,ZipCode,cityID
0,"9301 East Shea Boulevard, Central Scottsdale, Phoenix 85260",40,Scottsdale,"American, Deli, Bakery",33.5823630000,Central Scottsdale,-111.8803340000,3,3.8,9ACD32,Good,17025880,Chompie's Deli,6 AM to 9 PM (Mon-Sun),https://www.zomato.com/scottsdale-az/chompies-deli-1-central-scottsdale?utm_source=api_basic_user&utm_medium=api&utm_campaign=v2.1,85260,11190
1,"9160 East Shea Boulevard, Scottsdale 85260",10,Scottsdale,Ice Cream,33.5827370000,Central Scottsdale,-111.8835330000,1,4.1,5BA829,Very Good,17030263,Sweet Republic,"12 Noon to 10 PM (Mon, Tue, Wed, Thu, Sun), 12 Noon to 11 PM (Fri-Sat)",https://www.zomato.com/scottsdale-az/sweet-republic-1-central-scottsdale?utm_source=api_basic_user&utm_medium=api&utm_campaign=v2.1,85260,11190
2,"9393 North 90th Street, Central Scottsdale, Phoenix 85258",25,Scottsdale,"Japanese, Sushi",33.5713980000,Central Scottsdale,-111.8868150000,2,4.2,5BA829,Very Good,17026952,Hiro Sushi,"11:30 AM to 2 PM, 5 PM to 9:30 PM (Mon-Thu),11:30 AM to 2 PM, 5 PM to 10 PM (Fri),5 PM to 10 PM (Sat),5 PM to 9 PM (Sun)",https://www.zomato.com/scottsdale-az/hiro-sushi-1-central-scottsdale?utm_source=api_basic_user&utm_medium=api&utm_campaign=v2.1,85258,11190
3,"9397 East Shea Boulevard, Central Scottsdale, Phoenix 85260",25,Scottsdale,"Asian, American",33.5822980000,Central Scottsdale,-111.8786670000,2,4.3,5BA829,Very Good,17030151,Ling & Louie's,"11 AM to 10 PM (Mon-Sat),11 AM to 9 PM (Sun)",https://www.zomato.com/scottsdale-az/ling-louies-1-central-scottsdale?utm_source=api_basic_user&utm_medium=api&utm_campaign=v2.1,85260,11190
4,10574 North. 90th Street 85258,10,Scottsdale,"Burger, American",33.5817286350,Central Scottsdale,-111.8886065483,1,4.1,5BA829,Very Good,17033485,Portillo's Hot Dogs,10 AM to 12 Midnight,https://www.zomato.com/scottsdale-az/portillos-hot-dogs-central-scottsdale?utm_source=api_basic_user&utm_medium=api&utm_campaign=v2.1,85258,11190
5,"9393 N 90th St, Scottsdale 85258",25,Scottsdale,Mexican,33.5713980000,Central Scottsdale,-111.8868150000,2,3.6,9ACD32,Good,17025020,Ajo Al's Mexican Cafe,"Lunch, Dinner (Sun, Mon, Tue, Wed, Thu, Fri, Sat)",https://www.zomato.com/scottsdale-az/ajo-als-mexican-cafe-1-central-scottsdale?utm_source=api_basic_user&utm_medium=api&utm_campaign=v2.1,85258,11190
6,"9160 E Shea Blvd, Scottsdale 85260",25,Scottsdale,Chinese,33.5827370000,Central Scottsdale,-111.8835330000,2,3.6,9ACD32,Good,17027155,Jade Palace Chinese,"11 AM to 9:30 PM (Mon, Tue, Wed, Thu, Sun), 11 AM to 10:30 PM (Fri-Sat)",https://www.zomato.com/scottsdale-az/jade-palace-chinese-central-scottsdale?utm_source=api_basic_user&utm_medium=api&utm_campaign=v2.1,85260,11190
7,"8658 East Shea Boulevard, Central Scottsdale, Phoenix 85260",10,Scottsdale,Pizza,33.5843880000,Central Scottsdale,-111.8943730000,1,3.5,9ACD32,Good,17028078,Nello's Pizza,"11 AM to 9 PM (Mon, Tue, Wed, Thu, Sun), 11 AM to 10 PM (Fri-Sat)",https://www.zomato.com/scottsdale-az/nellos-pizza-1-central-scottsdale?utm_source=api_basic_user&utm_medium=api&utm_campaign=v2.1,85260,11190
8,8980 East Shea Boulevard 85260,25,Scottsdale,"Breakfast, French, International",33.5826300000,Central Scottsdale,-111.8869400000,2,3.3,CDD614,Average,17032252,Mimis Cafe,"Breakfast, Lunch, Dinner (Sun, Mon, Tue, Wed, Thu, Fri, Sat)",https://www.zomato.com/scottsdale-az/mimis-cafe-central-scottsdale?utm_source=api_basic_user&utm_medium=api&utm_campaign=v2.1,85260,11190
9,"116 East Garfield Street, Downtown, Phoenix 85004",10,Phoenix,"American, Diner",33.4576585000,Downtown,-112.0723168000,1,4.7,3F7E00,Excellent,17027827,Matt's Big Breakfast,6:30 AM to 2:30 PM (Mon-Sun),https://www.zomato.com/phoenix/matts-big-breakfast-downtown?utm_source=api_basic_user&utm_medium=api&utm_campaign=v2.1,85004,301
10,"623 East Adams Street, Downtown, Phoenix 85004",25,Phoenix,"Pizza, Italian, Healthy Food",33.4492410000,Downtown,-112.0656390000,2,4.5,3F7E00,Excellent,17028613,Pizzeria Bianco,"11 AM to 9 PM (Mon),11 AM to 10 PM (Tue-Sat),Closed (Sun)",https://www.zomato.com/phoenix/pizzeria-bianco-downtown?utm_source=api_basic_user&utm_medium=api&utm_campaign=v2.1,85004,301
11,"603 North 5th Avenue, Downtown, Phoenix 85003",25,Phoenix,"Italian, Pizza, Sandwich",33.4548910000,Downtown,-112.0800350000,2,4.7,3F7E00,Excellent,17025909,Cibo,"11 AM to 9 PM (Mon),11 AM to 10 PM (Tue-Thu),11 AM to 11 PM (Fri-Sat),5 PM to 9 PM (Sun)",https://www.zomato.com/phoenix/cibo-downtown?utm_source=api_basic_user&utm_medium=api&utm_campaign=v2.1,85003,301
12,"2 East Jefferson Street #150, Downtown Phoenix 85004",40,Phoenix,American,33.4472400000,Downtown,-112.0737700000,3,4.0,5BA829,Very Good,17032327,The Arrogant Butcher,"11 AM to 9 PM (Mon-Thu), 11 AM to 10 PM (Fri), 12 Noon to 10 PM (Sat), 3 PM to 9 PM (Sun)",https://www.zomato.com/phoenix/the-arrogant-butcher-downtown?utm_source=api_basic_user&utm_medium=api&utm_campaign=v2.1,85004,301
13,"108 East Pierce Street, Downtown, Phoenix 85004",25,Phoenix,"Caribbean, Seafood",33.4556710000,Downtown,-112.0723160000,2,4.1,5BA829,Very Good,17030173,The Breadfruit,"5 PM to 10 PM (Mon-Thu),5 PM to 11 PM (Fri-Sat),Closed (Sun)",https://www.zomato.com/phoenix/the-breadfruit-downtown?utm_source=api_basic_user&utm_medium=api&utm_campaign=v2.1,85004,301
14,"40 North 1st Street, Downtown, Phoenix 85004",25,Phoenix,"Pizza, Sandwich",33.4487560000,Downtown,-112.0727020000,2,4.1,5BA829,Very Good,17030391,Hanny's,"11 AM to 1 AM (Mon-Fri),5 PM to 1 AM (Sat-Sun)",https://www.zomato.com/phoenix/hannys-downtown?utm_source=api_basic_user&utm_medium=api&utm_campaign=v2.1,85004,301
15,"622 East Adams Street, Downtown, Phoenix 85004",25,Phoenix,"Japanese, Sushi, Tea",33.4495640000,Downtown,-112.0656740000,2,4.1,5BA829,Very Good,17031944,Nobuo at Teeter House,"Closed (Mon),11 AM to 9:30 PM (Tue-Thu),11 AM to 10 PM (Fri-Sun)",https://www.zomato.com/phoenix/nobuo-at-teeter-house-downtown?utm_source=api_basic_user&utm_medium=api&utm_campaign=v2.1,85004,301
16,"455 North 3rd Street, Downtown, Phoenix 85004",25,Phoenix,"Mexican, Southwestern",33.4524400000,Downtown,-112.0698350000,2,4.1,5BA829,Very Good,17029048,Canyon Cafe,"11 AM to 9 PM (Mon, Tue, Wed, Sun), 11 AM to 10 PM (Thu-Sat)",https://www.zomato.com/phoenix/canyon-cafe-downtown?utm_source=api_basic_user&utm_medium=api&utm_campaign=v2.1,85004,301
17,"14 East Pierce Street, Downtown, Phoenix 85004",25,Phoenix,"American, Burger",33.4555828000,Downtown,-112.0736239000,2,4.1,5BA829,Very Good,17033807,Phoenix Public Market Cafe,7 AM to 10 PM (Mon-Sun),https://www.zomato.com/phoenix/phoenix-public-market-cafe-downtown?utm_source=api_basic_user&utm_medium=api&utm_campaign=v2.1,85004,301
18,27 East Southern Avenue 85282,10,Tempe,Pizza,33.3927900000,Tempe,-111.9391600000,1,4.1,5BA829,Very Good,17031149,Venezias New York Style Pizzeria,"10:30 AM to 10 PM (Mon-Thu, Sun), 10:30 AM to 11 PM (Fri-Sat)",https://www.zomato.com/tempe-az/venezias-new-york-style-pizzeria-tempe?utm_source=api_basic_user&utm_medium=api&utm_campaign=v2.1,85282,11191
19,"530 West Broadway Road, Tempe 85282",25,Tempe,"American, Pizza",33.4075370000,Tempe,-111.9464770000,2,4.0,5BA829,Very Good,17025459,Boulders on Broadway,11 AM to 2 AM (Mon-Sun),https://www.zomato.com/tempe-az/boulders-on-broadway-1-tempe?utm_source=api_basic_user&utm_medium=api&utm_campaign=v2.1,85282,11191
20,"2700 S Mill Ave, Tempe 85282",25,Tempe,Italian,33.3999630000,Tempe,-111.9398630000,2,3.9,9ACD32,Good,17028841,Riazzi's Italian Garden,"11 AM to 9 PM (Mon-Thu),11 AM to 10 PM (Fri),5 PM to 10 PM (Sat),4 PM to 9 PM (Sun)",https://www.zomato.com/tempe-az/riazzis-italian-garden-1-tempe?utm_source=api_basic_user&utm_medium=api&utm_campaign=v2.1,85282,11191
21,3332 South Mill Avenue 85282,25,Tempe,"Greek, Mediterranean, Middle Eastern",33.3926000000,Tempe,-111.9396600000,2,3.8,9ACD32,Good,17025553,Byblos Restaurant,"Lunch, Dinner (Sun, Tue, Wed, Thu, Fri, Sat),  (Mon)",https://www.zomato.com/tempe-az/byblos-restaurant-tempe?utm_source=api_basic_user&utm_medium=api&utm_campaign=v2.1,85282,11191
22,"3138 S Mill Ave, Tempe 85282",25,Tempe,Mexican,33.3949190000,Tempe,-111.9397630000,2,3.8,9ACD32,Good,17025705,Casa Reynoso,"Closed (Mon),11 AM to 8:30 PM (Tue-Thu),11 AM to 9:30 PM (Fri-Sat),11 AM to 8 PM (Sun)",https://www.zomato.com/tempe-az/casa-reynoso-1-tempe?utm_source=api_basic_user&utm_medium=api&utm_campaign=v2.1,85282,11191
23,"208 W Southern Ave, Tempe 85282",25,Tempe,"Italian, Pizza",33.3928416000,Tempe,-111.9423157000,2,3.6,9ACD32,Good,17028782,Red Devil Italian Restaurant & Pizzeria,"11 AM to 10 PM (Mon-Thu),11 AM to 11 PM (Fri-Sat),Closed (Sun)",https://www.zomato.com/tempe-az/red-devil-italian-restaurant-pizzeria-1-tempe?utm_source=api_basic_user&utm_medium=api&utm_campaign=v2.1,85282,11191
24,"528 W Broadway, Tempe 85282",10,Tempe,"Breakfast, Sandwich",33.4075070000,Tempe,-111.9464240000,1,3.7,9ACD32,Good,17031333,Bite Me Subs,"(Sun),Breakfast, Lunch, Dinner (Mon-Sat)",https://www.zomato.com/tempe-az/bite-me-subs-1-tempe?utm_source=api_basic_user&utm_medium=api&utm_campaign=v2.1,85282,11191
25,"3223 S Mill Ave, Tempe 85282",10,Tempe,American,33.3939340000,Tempe,-111.9394500000,1,3.6,9ACD32,Good,17027970,Monkey Pants Bar & Grill,"Lunch, Dinner, Late (Sun, Mon, Tue, Wed, Thu, Fri, Sat)",https://www.zomato.com/tempe-az/monkey-pants-bar-grill-1-tempe?utm_source=api_basic_user&utm_medium=api&utm_campaign=v2.1,85282,11191
26,920 E University Drive 85281,25,Tempe,Indian,0.0000000000,Tempe,0.0000000000,2,3.1,CDD614,Average,18398038,Pastries 'N' Chaat,"11 AM to 2:30 PM, 4:30 PM to 10 PM (Mon-Sun)",https://www.zomato.com/tempe-az/pastries-n-chaat-tempe?utm_source=api_basic_user&utm_medium=api&utm_campaign=v2.1,85281,11191
27,"1095 W Queen Creek Rd, Chandler 85248",25,Chandler,"American, Bar Food",33.2613920000,South Chandler,-111.8611010000,2,3.8,9ACD32,Good,17027312,Keegan's Grill Chandler,"Lunch, Dinner (Sun, Mon, Tue, Wed, Thu, Fri, Sat)",https://www.zomato.com/chandler-az/keegans-grill-chandler-south-chandler?utm_source=api_basic_user&utm_medium=api&utm_campaign=v2.1,85248,11188
28,"2975 S Alma School Road, Chandler 85248",25,Chandler,"Asian, Japanese, Sushi",33.2618400000,South Chandler,-111.8584690000,2,3.6,9ACD32,Good,17031220,Honmachi Sushi & Teppaniaki,,https://www.zomato.com/chandler-az/honmachi-sushi-teppaniaki-south-chandler?utm_source=api_basic_user&utm_medium=api&utm_campaign=v2.1,85248,11188
29,"3125 S Alma School Rd, Chandler 85248",10,Chandler,Japanese,33.2597880000,South Chandler,-111.8581650000,1,3.7,9ACD32,Good,17027927,Mikado,,https://www.zomato.com/chandler-az/mikado-south-chandler?utm_source=api_basic_user&utm_medium=api&utm_campaign=v2.1,85248,11188
30,3991 South Arizona Avenue,10,Chandler,Sandwich,33.2480930000,South Chandler,-111.8396438000,1,3.2,CDD614,Average,17034692,Panera Bread,"6 AM to 9:30 PM (Mon-Sat), 7 AM to 8 PM (Sun)",https://www.zomato.com/chandler-az/panera-bread-south-chandler?utm_source=api_basic_user&utm_medium=api&utm_campaign=v2.1,,11188
31,"1085 W Queen Creek Rd, Chandler 85248",10,Chandler,Asian,33.2616620000,South Chandler,-111.8602930000,1,3.5,9ACD32,Good,17028418,Pei Wei Asian Diner,"Lunch, Dinner (Sun, Mon, Tue, Wed, Thu, Fri, Sat)",https://www.zomato.com/chandler-az/pei-wei-asian-diner-south-chandler?utm_source=api_basic_user&utm_medium=api&utm_campaign=v2.1,85248,11188
32,2895 South Alma School Road Ste 1 85248,10,Chandler,"Fast Food, Mexican",33.2639222376,South Chandler,-111.8572605975,1,3.8,9ACD32,Good,17025870,Chipotle Mexican Grill,"10:45 AM to 10 PM (Mon-Sat), Sun Closed",https://www.zomato.com/chandler-az/chipotle-mexican-grill-south-chandler?utm_source=api_basic_user&utm_medium=api&utm_campaign=v2.1,85248,11188
33,"2980 S Alma School Rd, Chandler 85248",10,Chandler,"American, Burger, Bar Food",33.2628440000,South Chandler,-111.8588370000,1,3.4,CDD614,Average,17029204,Sidelines Tavern and Grill,"Lunch, Dinner (Sun),Lunch, Dinner, Late (Mon-Sat)",https://www.zomato.com/chandler-az/sidelines-tavern-and-grill-south-chandler?utm_source=api_basic_user&utm_medium=api&utm_campaign=v2.1,85248,11188
34,"3125 S Alma School, Chandler 85248",10,Chandler,Frozen Yogurt,33.2598590000,South Chandler,-111.8581730000,1,3.8,9ACD32,Good,17031662,Kokomo Frozen Yogurt,"Lunch, Dinner (Sun, Mon, Tue, Wed, Thu), Lunch, Dinner, Late (Fri-Sat)",https://www.zomato.com/chandler-az/kokomo-frozen-yogurt-south-chandler?utm_source=api_basic_user&utm_medium=api&utm_campaign=v2.1,85248,11188
35,3751 South Clubhouse Drive 85248,25,Chandler,"American, Italian, Seafood",33.2544400000,South Chandler,-111.8678600000,2,3.5,9ACD32,Good,17025325,Bernards at Ocotillo,7 AM to 10 PM,https://www.zomato.com/chandler-az/bernards-at-ocotillo-south-chandler?utm_source=api_basic_user&utm_medium=api&utm_campaign=v2.1,85248,11188
36,"2753 East Broadway Road, Suite 104, Mesa 85204",30,Mesa,"Burger, Diner",33.4080150000,Mesa,-111.7722240000,3,3.9,9ACD32,Good,17026724,Giant Hamburgers,"6 AM to 9 PM (Mon, Tue, Wed, Thu, Sun), 6 AM to 10 PM (Fri-Sat)",https://www.zomato.com/mesa-az/giant-hamburgers-1-mesa?utm_source=api_basic_user&utm_medium=api&utm_campaign=v2.1,85204,11187
37,"4210 East Main Street, Mesa, Phoenix AZ 85205",10,Mesa,Sandwich,0.0000000000,Mesa,0.0000000000,1,3.8,9ACD32,Good,17033183,Sassy's Cafe & Bakery,"7 AM to 5 PM (Mon-Sat),Closed (Sun)",https://www.zomato.com/mesa-az/sassys-cafe-bakery-1-mesa?utm_source=api_basic_user&utm_medium=api&utm_campaign=v2.1,85205,11187
38,"437 S Gilbert Rd, Mesa 85204",10,Mesa,Mexican,33.4073860000,Mesa,-111.7880350000,1,3.7,9ACD32,Good,17029623,Taquitos Jalisco,"9 AM to 9:30 PM (Mon-Sat),9 AM to 8:30 PM (Sun)",https://www.zomato.com/mesa-az/taquitos-jalisco-1-mesa?utm_source=api_basic_user&utm_medium=api&utm_campaign=v2.1,85204,11187
39,"330 S Gilbert Rd, Mesa 85204",10,Mesa,Latin American,33.4089690000,Mesa,-111.7884480000,1,3.4,CDD614,Average,17030976,Restaurant Salvadoreño #1,9 AM to 9 PM (Mon-Sun),https://www.zomato.com/mesa-az/restaurant-salvadoreo--1-mesa?utm_source=api_basic_user&utm_medium=api&utm_campaign=v2.1,85204,11187
40,"2639 E. Broadway, Suite C107, Mesa 85204",25,Mesa,Chinese,33.4079790000,Mesa,-111.7745820000,2,3.7,9ACD32,Good,17030732,Hot Wok,"11 AM to 10 PM (Mon-Thu),11 AM to 11 PM (Fri-Sat),12 Noon to 10 PM (Sun)",https://www.zomato.com/mesa-az/hot-wok-1-mesa?utm_source=api_basic_user&utm_medium=api&utm_campaign=v2.1,85204,11187
41,"116 N Lindsay Rd, Mesa 85213",15,Mesa,Donuts,33.4172780000,Mesa,-111.7712630000,1,3.7,9ACD32,Good,17024949,19th Donut Hole,"4:30 AM to 9 PM (Mon-Thu),4:30 AM to 5 PM (Fri-Sun)",https://www.zomato.com/mesa-az/19th-donut-hole-1-mesa?utm_source=api_basic_user&utm_medium=api&utm_campaign=v2.1,85213,11187
42,"2639 E Broadway Rd, Mesa 85204",10,Mesa,Burger,33.4079790000,Mesa,-111.7745820000,1,3.0,CDD614,Average,17031635,Simpleton's,"Lunch, Dinner (Sun, Mon, Tue, Wed, Thu, Fri, Sat)",https://www.zomato.com/mesa-az/simpletons-1-mesa?utm_source=api_basic_user&utm_medium=api&utm_campaign=v2.1,85204,11187
43,"1133 S Dobson Road, Ste 102 Mesa",15,Mesa,"Bakery, Coffee and Tea, Desserts",0.0000000000,Mesa,0.0000000000,1,0,CBCBCB,Not rated,18397785,Tous Les Jour,7 AM to 8:30 PM,https://www.zomato.com/mesa-az/tous-les-jour-mesa?utm_source=api_basic_user&utm_medium=api&utm_campaign=v2.1,,11187
44,2747 East Broadway Road 85204,10,Mesa,Fast Food,33.4077264514,Mesa,-111.7715710402,1,3.3,CDD614,Average,17030914,Whataburger,24 Hours,https://www.zomato.com/mesa-az/whataburger-mesa?utm_source=api_basic_user&utm_medium=api&utm_campaign=v2.1,85204,11187
45,"177 Caruso Ave, Glendale 91210",25,Glendale,Asian,34.1435539000,City Center,-118.2554909000,2,4.0,5BA829,Very Good,16837188,Din Tai Fung,"Lunch, Dinner (Sun, Mon, Tue, Wed, Thu, Fri, Sat)",https://www.zomato.com/glendale-ca/din-tai-fung-city-center?utm_source=api_basic_user&utm_medium=api&utm_campaign=v2.1,91210,10959
46,"211 E Broadway, Glendale 91205",25,Glendale,"Middle Eastern, Armenian",34.1465910000,"East Broadway, City Center",-118.2533580000,2,4.9,3F7E00,Excellent,16820647,Raffi's Place,"Lunch, Dinner (Sun, Mon, Tue, Wed, Thu, Fri, Sat)",https://www.zomato.com/glendale-ca/raffis-place-city-center?utm_source=api_basic_user&utm_medium=api&utm_campaign=v2.1,91205,10959
47,135 North Artsakh Avenue 91206,70,Glendale,"Brazilian, Latin American",34.1476017000,"North Maryland Avenue, City Center",-118.2541852000,4,4.5,3F7E00,Excellent,16812764,Gauchos Village,"11:30 AM to 2 PM, 5:30 PM to 9 PM (Mon-Thu), 11:30 AM to 2 PM, 5 PM to 10 PM (Fri), 12 Noon to 3 PM, 4 PM to 10 PM (Sat), 11:30 AM to 3 PM, 4 PM to 9 PM (Sun)",https://www.zomato.com/glendale-ca/gauchos-village-city-center?utm_source=api_basic_user&utm_medium=api&utm_campaign=v2.1,91206,10959
48,"511 Americana Way, Glendale 91204",25,Glendale,American,34.1440863000,"Americana Way, City Center",-118.2575363000,2,4.1,5BA829,Very Good,16831906,The Cheesecake Factory,"Lunch, Dinner (Sun, Mon, Tue, Wed, Thu), Lunch, Dinner, Late (Fri-Sat)",https://www.zomato.com/glendale-ca/the-cheesecake-factory-city-center?utm_source=api_basic_user&utm_medium=api&utm_campaign=v2.1,91204,10959
49,"702 Americana Way, Glendale 91210",40,Glendale,"Japanese, Sushi",34.1434100000,"East Broadway, City Center",-118.2557200000,3,3.8,9ACD32,Good,16825995,Katsuya,"11:30 AM to 9 PM (Mon-Thu, Sun), 11:30 AM to 10 PM (Fri-Sat)",https://www.zomato.com/glendale-ca/katsuya-city-center?utm_source=api_basic_user&utm_medium=api&utm_campaign=v2.1,91210,10959
50,304 North Brand Boulevard 91203,40,Glendale,"Mediterranean, Middle Eastern, Armenian",34.1501400000,"North Brand Boulevard, City Center",-118.2549700000,3,4.2,5BA829,Very Good,16809520,Carousel Restaurant,"Lunch, Dinner (Sun, Tue, Wed, Thu),  (Mon),Lunch, Dinner, Late (Fri-Sat)",https://www.zomato.com/glendale-ca/carousel-restaurant-city-center?utm_source=api_basic_user&utm_medium=api&utm_campaign=v2.1,91203,10959
51,807 Americana Way 91210,35,Glendale,American,34.1434100000,"East Broadway, City Center",-118.2557200000,3,4.0,5BA829,Very Good,16831618,Granville Cafe,"11 AM to 10 PM (Mon-Thu), 11 AM to 11 PM (Fri), 10 AM to 11 PM (Sat), 10 AM to 10 PM (Sun)",https://www.zomato.com/glendale-ca/granville-cafe-city-center?utm_source=api_basic_user&utm_medium=api&utm_campaign=v2.1,91210,10959
52,"317 N Brand Blvd, Glendale 91203",25,Glendale,"American, Hawaiian, Steak",34.1506150000,"North Brand Boulevard, City Center",-118.2554730000,2,4.1,5BA829,Very Good,16810647,Damon's Steak House,"Lunch, Dinner, Late (Sun, Mon, Tue, Wed, Thu, Fri, Sat)",https://www.zomato.com/glendale-ca/damons-steak-house-city-center?utm_source=api_basic_user&utm_medium=api&utm_campaign=v2.1,91203,10959
53,"313 W Broadway, Glendale 91204",25,Glendale,Filipino,34.1470913000,Vineyard,-118.2586645000,2,4.3,5BA829,Very Good,16817482,Max's of Manila,"Breakfast, Lunch, Dinner (Sun, Sat), Lunch, Dinner (Mon-Fri)",https://www.zomato.com/glendale-ca/maxs-of-manila-vineyard?utm_source=api_basic_user&utm_medium=api&utm_campaign=v2.1,91204,10959
54,"5301 Power Inn Rd Ste 100, Sacramento 95820",10,Sacramento,Burger,38.5271810000,Avondale,-121.4089720000,1,4.4,5BA829,Very Good,17137382,Squeeze Inn,"10 AM to 7 PM (Mon-Fri),10 AM to 6 PM (Sat),10 AM to 4 PM (Sun)",https://www.zomato.com/sacramento/squeeze-inn-sacramento?utm_source=api_basic_user&utm_medium=api&utm_campaign=v2.1,95820,499
55,"5103 Florin Perkins Rd, Sacramento 95826",10,Sacramento,"Burger, Sandwich",38.5290650000,Avondale,-121.3905380000,1,3.7,9ACD32,Good,17137666,Tipps & Shakes Deli,"(Sun),Breakfast, Lunch, Dinner (Mon-Fri),Lunch (Sat)",https://www.zomato.com/sacramento/tipps-shakes-deli-sacramento?utm_source=api_basic_user&utm_medium=api&utm_campaign=v2.1,95826,499
56,"8109 Fruitridge Rd, Sacramento 95820",10,Sacramento,"Bakery, Sandwich, Coffee and Tea",38.5252620000,Avondale,-121.4088440000,1,3.1,CDD614,Average,17136378,La Bou,"6 AM to 3 PM (Mon-Fri), 7 AM to 2 PM (Sat), Sun Closed",https://www.zomato.com/sacramento/la-bou-9-sacramento?utm_source=api_basic_user&utm_medium=api&utm_campaign=v2.1,95820,499
57,"6924 Fruitridge Rd, Sacramento 95820",10,Sacramento,Mexican,38.5249180000,Fruitridge Manor,-121.4223230000,1,3.5,9ACD32,Good,17135710,El Padrino,"Breakfast, Lunch, Dinner (Sun, Mon, Tue, Wed, Thu, Fri, Sat)",https://www.zomato.com/sacramento/el-padrino-sacramento?utm_source=api_basic_user&utm_medium=api&utm_campaign=v2.1,95820,499
58,"14 Business Park Way Bldg 149, Sacramento 95828",10,Sacramento,"American, Sandwich, Healthy Food",38.5241436000,Avondale,-121.3974540000,1,0,CBCBCB,Not rated,17140643,Plates Cafe,"(Sun, Sat), Lunch (Mon-Fri)",https://www.zomato.com/sacramento/plates-cafe-sacramento?utm_source=api_basic_user&utm_medium=api&utm_campaign=v2.1,95828,499
59,"5301 Power Inn Road # 190, Sacramento 95820",10,Sacramento,Teriyaki,38.5268700000,Avondale,-121.4087230000,1,2.8,FFBA00,Average,17140489,I Love Teriyaki and Sushi,"10:30 AM to 7:30 PM (Mon-Fri),10:30 AM to 6:30 PM (Sat),Closed (Sun)",https://www.zomato.com/sacramento/i-love-teriyaki-and-sushi-sacramento?utm_source=api_basic_user&utm_medium=api&utm_campaign=v2.1,95820,499
60,"5665 Power Inn Rd, Sacramento 95824",10,Sacramento,Mexican,38.5244962000,Avondale,-121.4082513000,1,0,CBCBCB,Not rated,17785362,Chando's Tacos,10 AM to 9 PM (Mon-Sun),https://www.zomato.com/sacramento/chandos-tacos-1-sacramento?utm_source=api_basic_user&utm_medium=api&utm_campaign=v2.1,95824,499
61,"5650 Power Inn Road, Sacramento 95824",0,Sacramento,Latin American,38.5241280000,Downtown,-121.4099150000,1,0,CBCBCB,Not rated,18307530,El Izote,"8 AM to 8 PM (Mon-Fri),8 AM to 7 PM (Sat-Sun)",https://www.zomato.com/sacramento/el-izote-downtown?utm_source=api_basic_user&utm_medium=api&utm_campaign=v2.1,95824,499
62,5650 Power Inn Road  800 95824,0,Sacramento,Salvadorean,38.5240770000,Downtown,-121.4100050000,1,0,CBCBCB,Not rated,18310928,El Izote Salvadorian Food & Taqueria,"8 AM to 8 PM (Mon-Fri),8 AM to 7 PM (Sat-Sun)",https://www.zomato.com/sacramento/el-izote-salvadorian-food-taqueria-downtown?utm_source=api_basic_user&utm_medium=api&utm_campaign=v2.1,95824,499
63,"11097 D Hebron Road SE, Buckeye Lake, Ohio 43008",0,Columbus,Chinese,39.9351459103,Buckeye Lake,-82.4798768510,1,3.0,CDD614,Average,18151864,Dragon Village,"11 AM to 10 PM (Mon-Thu),11 AM to 10:30 PM (Fri-Sat),12 Noon to 9:30 PM (Sun)",https://www.zomato.com/columbus-oh/dragon-village-buckeye-lake-columbus?utm_source=api_basic_user&utm_medium=api&utm_campaign=v2.1,43008,1021
64,"5176 Walnut Road, Buckeye Lake 43008",10,Columbus,Bar Food,39.9314800000,Buckeye Lake,-82.4829240000,1,3.6,9ACD32,Good,17122711,Buckeye Lake Brewery,,https://www.zomato.com/columbus-oh/buckeye-lake-brewery-buckeye-lake?utm_source=api_basic_user&utm_medium=api&utm_campaign=v2.1,43008,1021
65,"11143 Hebron Rd, Hebron 43025",0,Columbus,Diner,39.9337000000,Buckeye Lake,-82.4799000000,1,3.2,CDD614,Average,17120712,Our Lakeside Diner,,https://www.zomato.com/columbus-oh/our-lakeside-diner-hebron?utm_source=api_basic_user&utm_medium=api&utm_campaign=v2.1,43025,1021
66,"500 Reliance Drive, Hebron Buckeye Lake, Columbus",25,Columbus,Bakery,0.0000000000,Buckeye Lake,0.0000000000,2,0,CBCBCB,Not rated,19138880,Wolferman's,11 AM to 11 PM,https://www.zomato.com/columbus-oh/wolfermans-buckeye-lake-columbus?utm_source=api_basic_user&utm_medium=api&utm_campaign=v2.1,,1021
67,"10982 Hebron Rd, Hebron 43025",0,Columbus,American,39.9360000000,Buckeye Lake,-82.4797000000,1,0,CBCBCB,Not rated,17120699,Bob's Bar & Grill,,https://www.zomato.com/columbus-oh/bobs-bar-grill-hebron?utm_source=api_basic_user&utm_medium=api&utm_campaign=v2.1,43025,1021
68,10780 Hebron Road SE 43008,10,Columbus,Fast Food,39.9425234177,Buckeye Lake,-82.4808159471,1,2.7,FFBA00,Average,17120755,McDonald's,"6 AM to 11 PM (Mon-Thu, Sun), 6 AM to 12 Midnight (Fri-Sat)",https://www.zomato.com/columbus-oh/mcdonalds-buckeye-lake?utm_source=api_basic_user&utm_medium=api&utm_campaign=v2.1,43008,1021
69,10281 Hebron Road 43025,10,Columbus,Fast Food,39.9406129770,Buckeye Lake,-82.4788767099,1,3.0,CDD614,Average,17120718,Wendy's,"10 AM to 11 PM (Mon-Thu, Sun), 10 AM to 12 Midnight (Fri-Sat)",https://www.zomato.com/columbus-oh/wendys-1-hebron?utm_source=api_basic_user&utm_medium=api&utm_campaign=v2.1,43025,1021
70,10800 Hebron Road SE 43008,10,Columbus,Fast Food,39.9401107000,Buckeye Lake,-82.4806108000,1,0,CBCBCB,Not rated,17120759,Taco Bell,"7 AM to 12 Midnight (Mon-Thu, Sun), 7 AM to 2 AM (Fri-Sat)",https://www.zomato.com/columbus-oh/taco-bell-buckeye-lake?utm_source=api_basic_user&utm_medium=api&utm_campaign=v2.1,43008,1021
71,"10800 Hebron Road SE, Buckeye Lake 43008",10,Columbus,"Fast Food, Pizza",39.9430730000,Buckeye Lake,-82.4822561000,1,0,CBCBCB,Not rated,17123328,Pizza Hut,,https://www.zomato.com/columbus-oh/pizza-hut-buckeye-lake?utm_source=api_basic_user&utm_medium=api&utm_campaign=v2.1,43008,1021
72,"11 S Beaver St Ste 1, Flagstaff 86001",25,Flagstaff,"Pizza, Sandwich",35.1964560000,Flagstaff,-111.6510210000,2,4.0,5BA829,Very Good,17357169,Beaver Street Brewery,"11 AM to 11 PM (Mon, Tue, Wed, Thu, Sun), 11 AM to 12 Midnight (Fri-Sat)",https://www.zomato.com/flagstaff-az/beaver-street-brewery-flagstaff?utm_source=api_basic_user&utm_medium=api&utm_campaign=v2.1,86001,469
73,"120 N. Leroux St., Flagstaff 86001",25,Flagstaff,Burger,35.1989170000,Flagstaff,-111.6479320000,2,4.0,5BA829,Very Good,17357501,Diablo Burger,"11 AM to 9 PM (Mon-Wed),11 AM to 10 PM (Thu-Sat),Closed (Sun)",https://www.zomato.com/flagstaff-az/diablo-burger-flagstaff?utm_source=api_basic_user&utm_medium=api&utm_campaign=v2.1,86001,469
74,"104 N San Francisco St, Flagstaff 86001",25,Flagstaff,Thai,35.1983360000,Flagstaff,-111.6473680000,2,4.0,5BA829,Very Good,17357504,Pato Thai,"11 AM to 3 PM, 4:30 PM to 9 PM (Mon-Thu),11 AM to 9 PM (Fri-Sat),12 Noon to 8 PM (Sun)",https://www.zomato.com/flagstaff-az/pato-thai-flagstaff?utm_source=api_basic_user&utm_medium=api&utm_campaign=v2.1,86001,469
75,"14 South Beaver Street, southside 86001",10,Flagstaff,"Breakfast, Coffee and Tea, Vegetarian",35.1967400000,Flagstaff,-111.6506600000,1,3.9,9ACD32,Good,17357289,Macy's European Coffee House,6 AM to 8 PM,https://www.zomato.com/flagstaff-az/macys-european-coffee-house-flagstaff?utm_source=api_basic_user&utm_medium=api&utm_campaign=v2.1,86001,469
76,"112 E Route 66, Flagstaff 86001",25,Flagstaff,Mexican,35.1971840000,Flagstaff,-111.6474950000,2,3.9,9ACD32,Good,17357295,Martanne's Burrito Palace,7:30 AM to 9 PM (Mon-Sun),https://www.zomato.com/flagstaff-az/martannes-burrito-palace-flagstaff?utm_source=api_basic_user&utm_medium=api&utm_campaign=v2.1,86001,469
77,5 South San Francisco Street 86001,10,Flagstaff,"Burger, Bar Food, Sandwich",35.1970300000,Flagstaff,-111.6482100000,1,3.8,9ACD32,Good,17357553,Lumberyard Brewing Company,11 AM to 10 PM (Mon-Sun),https://www.zomato.com/flagstaff-az/lumberyard-brewing-company-flagstaff?utm_source=api_basic_user&utm_medium=api&utm_campaign=v2.1,86001,469
78,"320 S Regent St, Flagstaff 86001",10,Flagstaff,"Mediterranean, Tapas, Vegetarian",35.1909250000,Flagstaff,-111.6424660000,1,3.8,9ACD32,Good,17357508,Pita Jungle,10:30 AM to 10 PM (Mon-Sun),https://www.zomato.com/flagstaff-az/pita-jungle-flagstaff?utm_source=api_basic_user&utm_medium=api&utm_campaign=v2.1,86001,469
79,"16 N San Francisco ST, Flagstaff 86001",40,Flagstaff,Latin American,35.1977330000,Flagstaff,-111.6476550000,3,3.8,9ACD32,Good,17357533,Criollo Latin Kitchen,"11 AM to 9 PM (Mon-Thu), 11 AM to 10 PM (Fri), 9 AM to 10 PM (Sat), 9 AM to 9 PM (Sun)",https://www.zomato.com/flagstaff-az/criollo-latin-kitchen-flagstaff?utm_source=api_basic_user&utm_medium=api&utm_campaign=v2.1,86001,469
80,2200 East Butler Avenue. 86004,25,Flagstaff,"American, Southwestern",35.1922200000,Flagstaff,-111.6242700000,2,3.8,9ACD32,Good,17357593,The Northern Pines Restaurant,5:30 AM to 10 PM,https://www.zomato.com/flagstaff-az/the-northern-pines-restaurant-flagstaff?utm_source=api_basic_user&utm_medium=api&utm_campaign=v2.1,86004,469
81,"800 N Beeline Hwy, Payson 85541",10,Payson,Mexican,34.2503550000,Payson,-111.3227780000,1,3.9,9ACD32,Good,17282877,La Sierra Mexican Restaurant,"Lunch, Dinner (Sun, Mon, Tue, Wed, Thu, Fri, Sat)",https://www.zomato.com/payson-az/la-sierra-mexican-restaurant-payson?utm_source=api_basic_user&utm_medium=api&utm_campaign=v2.1,85541,4376
82,"512 N Beeline Hwy, Payson 85541",40,Payson,"Italian, Pizza",34.2452550000,Payson,-111.3229690000,3,4.6,3F7E00,Excellent,17282880,Gerardo's Firewood Cafe,"Closed (Mon),3 PM to 9 PM (Tue),11 AM to 9 PM (Wed-Sat),12 Noon to 8 PM (Sun)",https://www.zomato.com/payson-az/gerardos-firewood-cafe-payson?utm_source=api_basic_user&utm_medium=api&utm_campaign=v2.1,85541,4376
83,"311 S Beeline Hwy, Payson 85541",25,Payson,"Burger, Steak, Bar Food",34.2383410000,Payson,-111.3229000000,2,4.5,3F7E00,Excellent,17282872,Buffalo Bar & Grill,10 AM to 2 AM (Mon-Sun),https://www.zomato.com/payson-az/buffalo-bar-grill-payson?utm_source=api_basic_user&utm_medium=api&utm_campaign=v2.1,85541,4376
84,"201 W Main Street, Payson 85541",10,Payson,"Coffee and Tea, Desserts, Beverages",34.2476540000,Payson,-111.3228650000,1,4.3,5BA829,Very Good,17282918,Scoops,"Breakfast, Lunch, Dinner (Sun, Mon, Tue, Wed, Thu), Breakfast, Lunch, Dinner, Late (Fri-Sat)",https://www.zomato.com/payson-az/scoops-payson?utm_source=api_basic_user&utm_medium=api&utm_campaign=v2.1,85541,4376
85,"620 E State Highway 260, Payson 85541",40,Payson,"American, Seafood, Steak",34.2413000000,Payson,-111.3150000000,3,4.2,5BA829,Very Good,17282270,Fargo's Steak House,"Lunch, Dinner (Sun, Mon, Tue, Wed, Thu, Fri, Sat)",https://www.zomato.com/payson-az/fargos-steak-house-payson?utm_source=api_basic_user&utm_medium=api&utm_campaign=v2.1,85541,4376
86,"815 S Beeline Hwy, Payson 85541",0,Payson,,34.2302000000,Payson,-111.3255000000,1,3.8,9ACD32,Good,17282257,Beeline Cafe,"Breakfast, Lunch, Dinner (Sun, Mon, Tue, Wed, Thu, Fri, Sat)",https://www.zomato.com/payson-az/beeline-cafe-payson?utm_source=api_basic_user&utm_medium=api&utm_campaign=v2.1,85541,4376
87,"200 S Beeline Hwy, Payson 85541",10,Payson,Mexican,34.2404000000,Payson,-111.3232000000,1,3.4,CDD614,Average,17282268,El Rancho Restaurant,"Breakfast, Lunch, Dinner (Sun, Sat), Lunch, Dinner (Mon-Fri)",https://www.zomato.com/payson-az/el-rancho-restaurant-payson?utm_source=api_basic_user&utm_medium=api&utm_campaign=v2.1,85541,4376
88,"E State Hwy 260, Star Valley 85541",40,Payson,"Seafood, Steak",34.2277000000,Payson,-111.3318000000,3,4.3,5BA829,Very Good,17282618,Diamond Point Shadows Restaurant,,https://www.zomato.com/payson-az/diamond-point-shadows-restaurant-star-valley?utm_source=api_basic_user&utm_medium=api&utm_campaign=v2.1,85541,4376
89,"203 E State Highway 260, Payson 85541",25,Payson,"American, Italian, Pizza",34.2405000000,Payson,-111.3213000000,2,4.2,5BA829,Very Good,17282260,Cardo's Pizza & Italian Restaurant,,https://www.zomato.com/payson-az/cardos-pizza-italian-restaurant-payson?utm_source=api_basic_user&utm_medium=api&utm_campaign=v2.1,85541,4376
90,"638 East Warner Road, Gilbert 85296",40,Gilbert,"Mexican, Southwestern",33.3358640000,Gilbert,-111.7764044000,3,3.5,9ACD32,Good,17033813,La Ristra New Mexican Kitchen,"11 AM to 9 PM (Mon-Thu),11 AM to 12 Midnight (Fri-Sat),10 AM to 9 PM (Sun)",https://www.zomato.com/gilbert-az/la-ristra-new-mexican-kitchen-1-gilbert?utm_source=api_basic_user&utm_medium=api&utm_campaign=v2.1,85296,11193
91,1385 East Warner Road Ste 103 85296,10,Gilbert,"Desserts, Ice Cream",33.3352300000,Gilbert,-111.7596400000,1,3.6,9ACD32,Good,17030847,Udder Delights,"12 Noon to 9 PM (Mon-Sat), 12 Noon to 7 PM (Sun)",https://www.zomato.com/gilbert-az/udder-delights-1-gilbert?utm_source=api_basic_user&utm_medium=api&utm_campaign=v2.1,85296,11193
92,"211 E Warner Rd, Gilbert 85296",10,Gilbert,Breakfast,33.3349363000,Gilbert,-111.7851402000,1,3.3,CDD614,Average,17033560,Over Easy,"Breakfast, Lunch (Sun, Mon, Tue, Wed, Thu, Fri, Sat)",https://www.zomato.com/gilbert-az/over-easy-1-gilbert?utm_source=api_basic_user&utm_medium=api&utm_campaign=v2.1,85296,11193
93,894 East Warner Road #101 85296,25,Gilbert,"Italian, Pizza, Sandwich",33.3368032881,Gilbert,-111.7707366540,2,3.3,CDD614,Average,17034021,Brooklyn V's Pizza- Gilbert,"11 AM to 9 PM (Mon-Thu), 11 AM to 10 PM (Fri-Sat), 11 AM to 8 PM (Sun)",https://www.zomato.com/gilbert-az/brooklyn-vs-pizza-gilbert-gilbert?utm_source=api_basic_user&utm_medium=api&utm_campaign=v2.1,85296,11193
94,"1534 E Ray Road, Suite 110, Gilbert 85296",40,Gilbert,"American, BBQ",0.0000000000,Gilbert,0.0000000000,3,0,CBCBCB,Not rated,18397737,Arizona BBQ Company,"11 AM to 8 PM (Mon-Thu), 11 AM to 9 PM (Fri-Sat), Sun Closed",https://www.zomato.com/gilbert-az/arizona-bbq-company-4-gilbert?utm_source=api_basic_user&utm_medium=api&utm_campaign=v2.1,85296,11193
95,"1435 East Warner Road, Gilbert, Phoenix 85296",10,Gilbert,Sandwich,33.3354630000,Gilbert,-111.7604360000,1,3.3,CDD614,Average,17028643,Port of Subs,,https://www.zomato.com/gilbert-az/port-of-subs-2-gilbert?utm_source=api_basic_user&utm_medium=api&utm_campaign=v2.1,85296,11193
96,1435 East Warner Road 85296,10,Gilbert,Frozen Yogurt,33.3355500000,Gilbert,-111.7629900000,1,3.3,CDD614,Average,17032430,Orange Leaf,,https://www.zomato.com/gilbert-az/orange-leaf-gilbert?utm_source=api_basic_user&utm_medium=api&utm_campaign=v2.1,85296,11193
97,"1505 E. Warner Rd, Gilbert 85296",10,Gilbert,Coffee and Tea,33.3354490000,Gilbert,-111.7596150000,1,3.2,CDD614,Average,17031082,Starbucks,,https://www.zomato.com/gilbert-az/starbucks-2-gilbert?utm_source=api_basic_user&utm_medium=api&utm_campaign=v2.1,85296,11193
98,"1245 E Warner Rd, Gilbert 85296",10,Gilbert,American,33.3354630000,Gilbert,-111.7637250000,1,3.3,CDD614,Average,17028016,Mulligan's Grill,"Breakfast, Lunch, Dinner (Sun, Mon, Tue, Wed), Breakfast, Lunch, Dinner, Late (Thu-Sat)",https://www.zomato.com/gilbert-az/mulligans-grill-1-gilbert?utm_source=api_basic_user&utm_medium=api&utm_campaign=v2.1,85296,11193
99,"1855 W Highway 89A, Sedona 86336",25,Flagstaff,"Italian, Pizza",34.8633900000,Sedona,-111.7923800000,2,3.9,9ACD32,Good,17357451,Picazzo's Organic Italian Kitchen,"11 AM to 9 PM (Mon, Tue, Wed, Thu, Sun), 11 AM to 10 PM (Fri-Sat)",https://www.zomato.com/flagstaff-az/picazzos-organic-italian-kitchen-sedona?utm_source=api_basic_user&utm_medium=api&utm_campaign=v2.1,86336,469
100,"1595 West Highway 89A, Sedona 86336",25,Flagstaff,"American, Vegetarian",34.8631858000,Sedona,-111.7878006000,2,3.8,9ACD32,Good,17357564,ChocolaTree Organic Oasis,"9 AM to 9 PM (Mon, Tue, Thu, Fri, Sat, Sun), 11 AM to 9 PM (Wed)",https://www.zomato.com/flagstaff-az/chocolatree-organic-oasis-sedona?utm_source=api_basic_user&utm_medium=api&utm_campaign=v2.1,86336,469
101,"1350 W Highway 89a Ste 22, Sedona 86336",10,Flagstaff,"Pizza, Sandwich",34.8633540000,Sedona,-111.7840070000,1,3.5,9ACD32,Good,17357442,New York Bagels & Deli,"5 AM to 3 PM (Mon, Sun), 5 AM to 8 PM (Tue-Sat)",https://www.zomato.com/flagstaff-az/new-york-bagels-deli-sedona?utm_source=api_basic_user&utm_medium=api&utm_campaign=v2.1,86336,469
102,1610 West Hwy 89A 86336,70,Flagstaff,Vegetarian,34.8599400000,Sedona,-111.7869300000,4,3.5,9ACD32,Good,17357416,Heartline Cafe,"5 PM to 9 PM (Mon, Thu-Sun), Tue & Wed Closed",https://www.zomato.com/flagstaff-az/heartline-cafe-sedona?utm_source=api_basic_user&utm_medium=api&utm_campaign=v2.1,86336,469
103,"1910 Arizona 89a Ste 102, Sedona 86336",25,Flagstaff,"Indian, Vegetarian",34.8639292000,Sedona,-111.7935743000,2,3.3,CDD614,Average,17357420,India Palace: Authentic Cuisine of India,"11:30 AM to 2:30 PM, 5 PM to 9:30 PM (Mon-Sun)",https://www.zomato.com/flagstaff-az/india-palace-authentic-cuisine-of-india-sedona?utm_source=api_basic_user&utm_medium=api&utm_campaign=v2.1,86336,469
104,"1630 W Hwy 89a, Sedona 86336",10,Flagstaff,"Breakfast, Mexican",34.8636390000,Sedona,-111.7888910000,1,3.4,CDD614,Average,17357655,Tortas de Fuego,8 AM to 10 PM (Mon-Sun),https://www.zomato.com/flagstaff-az/tortas-de-fuego-sedona?utm_source=api_basic_user&utm_medium=api&utm_campaign=v2.1,86336,469
105,"1405 W Highway 89a, Sedona 86336",40,Flagstaff,"American, Southwestern",34.8622100000,Sedona,-111.7848950000,3,3.3,CDD614,Average,17357446,Olde Sedona Bar & Grill,11 AM to 10 PM (Mon-Sun),https://www.zomato.com/flagstaff-az/olde-sedona-bar-grill-sedona?utm_source=api_basic_user&utm_medium=api&utm_campaign=v2.1,86336,469
106,"700 West State Route 89A, Sedona, Flagstaff 86336",0,Flagstaff,Latin American,34.8664080000,Sedona,-111.7747690000,1,3.2,CDD614,Average,17862906,Mariposa,,https://www.zomato.com/flagstaff-az/mariposa-sedona?utm_source=api_basic_user&utm_medium=api&utm_campaign=v2.1,86336,469
107,"40 Soldiers Pass Rd, Sedona 86336",40,Flagstaff,"American, Sandwich",34.8634710000,Sedona,-111.7828810000,3,3.3,CDD614,Average,17357425,Judi's Restaurant & Lounge,"11 AM to 2 AM (Mon-Fri),11 AM to 3 AM (Sat-Sun)",https://www.zomato.com/flagstaff-az/judis-restaurant-lounge-sedona?utm_source=api_basic_user&utm_medium=api&utm_campaign=v2.1,86336,469
